"Step","Scale","Area"
1,1,0.433012701892219
2,2,0.108253175473055
3,4,0.0270632938682637
4,8,0.00676582346706593
5,16,0.00169145586676648
6,32,0.00042286396669162
7,64,0.000105715991672905
8,128,2.64289979182263e-05
9,256,6.60724947955657e-06
10,512,1.65181236988914e-06
