"Step","Size","Diameter_A","Diameter_B","Diameter_C"
1,1,7,6.5,6
2,0.5,5,5.5,4.3
3,0.25,3.5,4,2.7
4,0.125,2.9,3,2.1
5,0.0625,2,2,1.5
6,0.03125,1.5,1.5,1.1
7,0.015625,1.1,1.2,0.8
8,0.0078125,0.9,0.8,0.7
9,0.00390625,0.6,0.6,0.4
