"Step","Scale","Remaining"
1,1,1
2,2,0.75
3,4,0.5625
4,8,0.421875
5,16,0.31640625
6,32,0.2373046875
7,64,0.177978515625
8,128,0.13348388671875
9,256,0.100112915039062
10,512,0.0750846862792969
